Feature,Importance
LFHF,0.14014093940732866
pNN50,0.1345152563839731
HR_mean,0.08671884194076394
medianNN,0.0807417516791448
meanNN,0.07931764362670043
pNN20,0.057020709523707844
HR_std,0.05676726968960729
shanEn,0.044044481407583186
RMSSD,0.04071429129051194
SD2,0.039621355831128274
pQ,0.039405769551544165
pA,0.038333370203850296
meanSD,0.0377299590542934
SD1,0.030160856745633572
SDNN,0.024204057586454105
SDSD,0.02303289111438289
D2,0.01702457032237539
ApEn,0.016691045331097297
TINN,0.013759588556297107
LF,2.1580149903575975e-05
total_power,1.747809780923733e-05
VLF,1.269745867407421e-05
HF,3.5950472354358194e-06
ULF,0.0
