Label,EDA_Mean,EDA_SD,TEMP_Mean,TEMP_SD,ACC_Mean,ACC_SD
Baseline,1.3296213118221565,1.7441595201768236,33.34828544659588,1.5874024749261362,63.6111491753966,2.469300421803494
Stress,3.4149182895093317,3.656743552226553,32.640466837246635,1.0109330772304082,63.804671346588705,6.110071313376864
Amusement,1.3652727870852017,1.6907267855926615,32.58757309417041,1.5121322138295938,63.369990074210214,1.6058681193156932
Meditation,2.050224800121737,2.7589547664382232,32.21683518192885,1.37444324333839,63.664931530866134,4.052539179088865
